bt_run_id,bar_index,bar_time_utc,filter_apt,mid,event,cycle_end_reason,engine_cycle_id,engine_active,paper_ok,paper_reason,paper_pricing,paper_net_quote,paper_gross_quote,paper_fees_quote,patrimonio_quote,n_operacoes,params_spread_bps,params_order_size_quote,params_max_inventory_base,params_agent_source,params_warnings_json
32a7badf3999,60,2026-04-02 04:45:00,False,66351.20999999999,,,0,False,,,,,,,10000.0,0,,,,,
32a7badf3999,61,2026-04-02 04:50:00,False,66321.51999999999,,,0,False,,,,,,,10000.0,0,,,,,
32a7badf3999,62,2026-04-02 04:55:00,False,66321.51999999999,,,0,False,,,,,,,10000.0,0,,,,,
32a7badf3999,63,2026-04-02 05:00:00,False,66418.13,,,0,False,,,,,,,10000.0,0,,,,,
32a7badf3999,64,2026-04-02 05:05:00,False,66321.51999999999,,,0,False,,,,,,,10000.0,0,,,,,
32a7badf3999,65,2026-04-02 05:10:00,False,66341.22,,,0,False,,,,,,,10000.0,0,,,,,
32a7badf3999,66,2026-04-02 05:15:00,False,66374.45999999999,,,0,False,,,,,,,10000.0,0,,,,,
32a7badf3999,67,2026-04-02 05:20:00,False,66467.01000000001,,,0,False,,,,,,,10000.0,0,,,,,
32a7badf3999,68,2026-04-02 05:25:00,False,66467.01000000001,,,0,False,,,,,,,10000.0,0,,,,,
32a7badf3999,69,2026-04-02 05:30:00,False,66467.01000000001,,,0,False,,,,,,,10000.0,0,,,,,
32a7badf3999,70,2026-04-02 05:35:00,False,66467.01000000001,,,0,False,,,,,,,10000.0,0,,,,,
32a7badf3999,71,2026-04-02 05:40:00,False,66581.19,,,0,False,,,,,,,10000.0,0,,,,,
32a7badf3999,72,2026-04-02 05:45:00,False,66505.63,,,0,False,,,,,,,10000.0,0,,,,,
32a7badf3999,73,2026-04-02 05:50:00,False,66505.63,,,0,False,,,,,,,10000.0,0,,,,,
32a7badf3999,74,2026-04-02 05:55:00,False,66609.76000000001,,,0,False,,,,,,,10000.0,0,,,,,
32a7badf3999,75,2026-04-02 06:00:00,False,66609.76000000001,,,0,False,,,,,,,10000.0,0,,,,,
32a7badf3999,76,2026-04-02 06:05:00,False,66609.76000000001,,,0,False,,,,,,,10000.0,0,,,,,
32a7badf3999,77,2026-04-02 06:10:00,False,66594.48000000001,,,0,False,,,,,,,10000.0,0,,,,,
32a7badf3999,78,2026-04-02 06:15:00,True,66757.89,cycle_start,,1,True,True,,synthetic_mid,0.03505969504724967,0.08514483988713681,0.05008514483988714,10000.03506,2,22.0,50.0,0.0003370388,agent_heuristic,[]
32a7badf3999,79,2026-04-02 06:20:00,True,66707.76999999999,,,1,True,True,,synthetic_mid,0.03505969504724766,0.0851448398871348,0.05008514483988714,10000.070119,4,,,,,
32a7badf3999,80,2026-04-02 06:25:00,True,66706.82,,,1,True,True,,synthetic_mid,0.03505969504724139,0.08514483988712852,0.05008514483988713,10000.105179,6,,,,,
32a7badf3999,81,2026-04-02 06:30:00,True,66608.02,,,1,True,True,,synthetic_mid,0.03505969504724773,0.08514483988713487,0.05008514483988714,10000.140239,8,,,,,
32a7badf3999,82,2026-04-02 06:35:00,True,66568.12,,,1,True,True,,synthetic_mid,0.03505969504724777,0.08514483988713491,0.05008514483988714,10000.175298,10,,,,,
32a7badf3999,83,2026-04-02 06:40:00,True,66580.84,,,1,True,True,,synthetic_mid,0.035059695047248436,0.08514483988713557,0.05008514483988714,10000.210358,12,,,,,
32a7badf3999,84,2026-04-02 06:45:00,True,66613.23999999999,,,1,True,True,,synthetic_mid,0.035059695047247146,0.08514483988713428,0.05008514483988714,10000.245418,14,,,,,
32a7badf3999,85,2026-04-02 06:50:00,True,66661.57,,,1,True,True,,synthetic_mid,0.03505969504724049,0.08514483988712762,0.05008514483988713,10000.280478,16,,,,,
32a7badf3999,86,2026-04-02 06:55:00,True,66661.57,,,1,True,True,,synthetic_mid,0.03505969504724049,0.08514483988712762,0.05008514483988713,10000.315537,18,,,,,
32a7badf3999,87,2026-04-02 07:00:00,True,66661.57,,,1,True,True,,synthetic_mid,0.03505969504724049,0.08514483988712762,0.05008514483988713,10000.350597,20,,,,,
32a7badf3999,88,2026-04-02 07:05:00,False,66695.18,cycle_end,filters_failed,1,False,,,,,,,10000.350597,20,,,,,
32a7badf3999,89,2026-04-02 07:10:00,True,66695.18,cycle_start,,2,True,True,,synthetic_mid,0.03505969504724307,0.0851448398871302,0.05008514483988713,10000.385657,22,22.0,50.0,0.0003373557,agent_heuristic,[]
32a7badf3999,90,2026-04-02 07:15:00,False,66695.18,cycle_end,filters_failed,2,False,,,,,,,10000.385657,22,,,,,
32a7badf3999,91,2026-04-02 07:20:00,False,66696.84,,,2,False,,,,,,,10000.385657,22,,,,,
32a7badf3999,92,2026-04-02 07:25:00,False,66696.70999999999,,,2,False,,,,,,,10000.385657,22,,,,,
32a7badf3999,93,2026-04-02 07:30:00,True,66781.36,cycle_start,,3,True,True,,synthetic_mid,0.03505969504724103,0.08514483988712816,0.05008514483988713,10000.420716,24,22.0,50.0,0.0003369204,agent_heuristic,[]
32a7badf3999,94,2026-04-02 07:35:00,True,66843.0,,,3,True,True,,synthetic_mid,0.03505969504724966,0.0851448398871368,0.05008514483988714,10000.455776,26,,,,,
32a7badf3999,95,2026-04-02 07:40:00,True,66843.0,,,3,True,True,,synthetic_mid,0.03505969504724966,0.0851448398871368,0.05008514483988714,10000.490836,28,,,,,
32a7badf3999,96,2026-04-02 07:45:00,False,66921.51000000001,cycle_end,filters_failed,3,False,,,,,,,10000.490836,28,,,,,
32a7badf3999,97,2026-04-02 07:50:00,False,66921.51000000001,,,3,False,,,,,,,10000.490836,28,,,,,
32a7badf3999,98,2026-04-02 07:55:00,False,66915.04000000001,,,3,False,,,,,,,10000.490836,28,,,,,
32a7badf3999,99,2026-04-02 08:00:00,False,66915.04000000001,,,3,False,,,,,,,10000.490836,28,,,,,
32a7badf3999,100,2026-04-02 08:05:00,False,66795.01999999999,,,3,False,,,,,,,10000.490836,28,,,,,
32a7badf3999,101,2026-04-02 08:10:00,False,66781.36,,,3,False,,,,,,,10000.490836,28,,,,,
32a7badf3999,102,2026-04-02 08:15:00,False,66665.15,,,3,False,,,,,,,10000.490836,28,,,,,
32a7badf3999,103,2026-04-02 08:20:00,False,66668.53,,,3,False,,,,,,,10000.490836,28,,,,,
32a7badf3999,104,2026-04-02 08:25:00,False,66668.53,,,3,False,,,,,,,10000.490836,28,,,,,
32a7badf3999,105,2026-04-02 08:30:00,False,66668.53,,,3,False,,,,,,,10000.490836,28,,,,,
32a7badf3999,106,2026-04-02 08:35:00,False,66668.53,,,3,False,,,,,,,10000.490836,28,,,,,
32a7badf3999,107,2026-04-02 08:40:00,False,66546.43,,,3,False,,,,,,,10000.490836,28,,,,,
32a7badf3999,108,2026-04-02 08:45:00,False,66500.85,,,3,False,,,,,,,10000.490836,28,,,,,
32a7badf3999,109,2026-04-02 08:50:00,False,66491.75,,,3,False,,,,,,,10000.490836,28,,,,,
32a7badf3999,110,2026-04-02 08:55:00,False,66429.98,,,3,False,,,,,,,10000.490836,28,,,,,
32a7badf3999,111,2026-04-02 09:00:00,True,66339.63,cycle_start,,4,True,True,,synthetic_mid,0.0350596950472532,0.08514483988714035,0.050085144839887144,10000.525895,30,22.0,50.0,0.0003391638,agent_heuristic,[]
32a7badf3999,112,2026-04-02 09:05:00,True,66405.55,,,4,True,True,,synthetic_mid,0.035059695047248325,0.08514483988713546,0.05008514483988714,10000.560955,32,,,,,
32a7badf3999,113,2026-04-02 09:10:00,True,66345.6,,,4,True,True,,synthetic_mid,0.03505969504724888,0.08514483988713602,0.05008514483988714,10000.596015,34,,,,,
32a7badf3999,114,2026-04-02 09:15:00,True,66345.6,,,4,True,True,,synthetic_mid,0.03505969504724888,0.08514483988713602,0.05008514483988714,10000.631075,36,,,,,
32a7badf3999,115,2026-04-02 09:20:00,True,66435.8,,,4,True,True,,synthetic_mid,0.035059695047252176,0.08514483988713932,0.050085144839887144,10000.666134,38,,,,,
32a7badf3999,116,2026-04-02 09:25:00,True,66505.88,,,4,True,True,,synthetic_mid,0.03505969504724756,0.0851448398871347,0.05008514483988714,10000.701194,40,,,,,
32a7badf3999,117,2026-04-02 09:30:00,True,66459.35,,,4,True,True,,synthetic_mid,0.03505969504724532,0.08514483988713245,0.05008514483988713,10000.736254,42,,,,,
32a7badf3999,118,2026-04-02 09:35:00,True,66459.35,,,4,True,True,,synthetic_mid,0.03505969504724532,0.08514483988713245,0.05008514483988713,10000.771313,44,,,,,
32a7badf3999,119,2026-04-02 09:40:00,True,66475.73000000001,,,4,True,True,,synthetic_mid,0.0350596950472487,0.08514483988713584,0.05008514483988714,10000.806373,46,,,,,
32a7badf3999,120,2026-04-02 09:45:00,True,66402.43,,,4,True,True,,synthetic_mid,0.035059695047244044,0.08514483988713117,0.05008514483988713,10000.841433,48,,,,,
32a7badf3999,121,2026-04-02 09:50:00,True,66415.09,,,4,True,True,,synthetic_mid,0.03505969504724059,0.08514483988712772,0.05008514483988713,10000.876492,50,,,,,
32a7badf3999,122,2026-04-02 09:55:00,True,66415.09,,,4,True,True,,synthetic_mid,0.03505969504724059,0.08514483988712772,0.05008514483988713,10000.911552,52,,,,,
32a7badf3999,123,2026-04-02 10:00:00,False,66415.09,cycle_end,filters_failed,4,False,,,,,,,10000.911552,52,,,,,
32a7badf3999,124,2026-04-02 10:05:00,False,66414.27,,,4,False,,,,,,,10000.911552,52,,,,,
32a7badf3999,125,2026-04-02 10:10:00,False,66238.79000000001,,,4,False,,,,,,,10000.911552,52,,,,,
32a7badf3999,126,2026-04-02 10:15:00,False,66247.84,,,4,False,,,,,,,10000.911552,52,,,,,
32a7badf3999,127,2026-04-02 10:20:00,False,66336.73999999999,,,4,False,,,,,,,10000.911552,52,,,,,
32a7badf3999,128,2026-04-02 10:25:00,False,66377.14,,,4,False,,,,,,,10000.911552,52,,,,,
32a7badf3999,129,2026-04-02 10:30:00,True,66430.09,cycle_start,,5,True,True,,synthetic_mid,0.03505969504724863,0.08514483988713577,0.05008514483988714,10000.946612,54,22.0,50.0,0.0003387019,agent_heuristic,[]
32a7badf3999,130,2026-04-02 10:35:00,True,66431.45,,,5,True,True,,synthetic_mid,0.03505969504724081,0.08514483988712794,0.05008514483988713,10000.981671,56,,,,,
32a7badf3999,131,2026-04-02 10:40:00,True,66479.87,,,5,True,True,,synthetic_mid,0.03505969504724577,0.08514483988713291,0.05008514483988714,10001.016731,58,,,,,
32a7badf3999,132,2026-04-02 10:45:00,True,66474.20000000001,,,5,True,True,,synthetic_mid,0.03505969504724859,0.08514483988713573,0.05008514483988714,10001.051791,60,,,,,
32a7badf3999,133,2026-04-02 10:50:00,True,66455.36,,,5,True,True,,synthetic_mid,0.03505969504724203,0.08514483988712916,0.05008514483988713,10001.086851,62,,,,,
32a7badf3999,134,2026-04-02 10:55:00,True,66468.0,,,5,True,True,,synthetic_mid,0.03505969504724091,0.08514483988712804,0.05008514483988713,10001.12191,64,,,,,
32a7badf3999,135,2026-04-02 11:00:00,True,66463.36,,,5,True,True,,synthetic_mid,0.035059695047251795,0.08514483988713893,0.05008514483988714,10001.15697,66,,,,,
32a7badf3999,136,2026-04-02 11:05:00,True,66382.75,,,5,True,True,,synthetic_mid,0.035059695047251496,0.08514483988713864,0.050085144839887144,10001.19203,68,,,,,
32a7badf3999,137,2026-04-02 11:10:00,True,66382.75,,,5,True,True,,synthetic_mid,0.035059695047251496,0.08514483988713864,0.050085144839887144,10001.227089,70,,,,,
32a7badf3999,138,2026-04-02 11:15:00,True,66382.75,,,5,True,True,,synthetic_mid,0.035059695047251496,0.08514483988713864,0.050085144839887144,10001.262149,72,,,,,
32a7badf3999,139,2026-04-02 11:20:00,True,66440.42,,,5,True,True,,synthetic_mid,0.035059695047243586,0.08514483988713072,0.05008514483988713,10001.297209,74,,,,,
32a7badf3999,140,2026-04-02 11:25:00,True,66439.09,,,5,True,True,,synthetic_mid,0.035059695047247964,0.0851448398871351,0.05008514483988714,10001.332268,76,,,,,
32a7badf3999,141,2026-04-02 11:30:00,True,66381.18,,,5,True,True,,synthetic_mid,0.035059695047245,0.08514483988713213,0.05008514483988713,10001.367328,78,,,,,
32a7badf3999,142,2026-04-02 11:35:00,True,66358.6,,,5,True,True,,synthetic_mid,0.03505969504725034,0.08514483988713747,0.05008514483988714,10001.402388,80,,,,,
32a7badf3999,143,2026-04-02 11:40:00,True,66344.84,,,5,True,True,,synthetic_mid,0.035059695047248256,0.08514483988713539,0.05008514483988714,10001.437447,82,,,,,
32a7badf3999,144,2026-04-02 11:45:00,True,66331.14,,,5,True,True,,synthetic_mid,0.03505969504724475,0.08514483988713188,0.05008514483988713,10001.472507,84,,,,,
32a7badf3999,145,2026-04-02 11:50:00,True,66240.45999999999,,,5,True,True,,synthetic_mid,0.035059695047241615,0.08514483988712875,0.05008514483988713,10001.507567,86,,,,,
32a7badf3999,146,2026-04-02 11:55:00,True,66204.76999999999,,,5,True,True,,synthetic_mid,0.035059695047252676,0.08514483988713982,0.050085144839887144,10001.542627,88,,,,,
32a7badf3999,147,2026-04-02 12:00:00,True,66153.64,,,5,True,True,,synthetic_mid,0.03505969504725123,0.08514483988713838,0.050085144839887144,10001.577686,90,,,,,
32a7badf3999,148,2026-04-02 12:05:00,True,66133.82,,,5,True,True,,synthetic_mid,0.03505969504724177,0.0851448398871289,0.05008514483988713,10001.612746,92,,,,,
32a7badf3999,149,2026-04-02 12:10:00,True,66158.43,,,5,True,True,,synthetic_mid,0.035059695047250566,0.08514483988713771,0.050085144839887144,10001.647806,94,,,,,
32a7badf3999,150,2026-04-02 12:15:00,True,66127.78,,,5,True,True,,synthetic_mid,0.03505969504724317,0.0851448398871303,0.05008514483988713,10001.682865,96,,,,,
32a7badf3999,151,2026-04-02 12:20:00,True,66044.36,,,5,True,True,,synthetic_mid,0.035059695047252426,0.08514483988713957,0.050085144839887144,10001.717925,98,,,,,
32a7badf3999,152,2026-04-02 12:25:00,True,66154.45,,,5,True,True,,synthetic_mid,0.03505969504724611,0.08514483988713324,0.05008514483988713,10001.752985,100,,,,,
32a7badf3999,153,2026-04-02 12:30:00,True,66106.34,,,5,True,True,,synthetic_mid,0.03505969504724949,0.08514483988713663,0.05008514483988714,10001.788044,102,,,,,
32a7badf3999,154,2026-04-02 12:35:00,True,66169.41,,,5,True,True,,synthetic_mid,0.03505969504725327,0.08514483988714042,0.050085144839887144,10001.823104,104,,,,,
32a7badf3999,155,2026-04-02 12:40:00,True,66229.26999999999,,,5,True,True,,synthetic_mid,0.035059695047252065,0.08514483988713921,0.050085144839887144,10001.858164,106,,,,,
32a7badf3999,156,2026-04-02 12:45:00,True,66159.76000000001,,,5,True,True,,synthetic_mid,0.03505969504724614,0.08514483988713327,0.05008514483988713,10001.893224,108,,,,,
32a7badf3999,157,2026-04-02 12:50:00,True,66179.20000000001,,,5,True,True,,synthetic_mid,0.03505969504724976,0.0851448398871369,0.050085144839887144,10001.928283,110,,,,,
32a7badf3999,158,2026-04-02 12:55:00,True,66067.84,,,5,True,True,,synthetic_mid,0.035059695047248075,0.08514483988713521,0.05008514483988714,10001.963343,112,,,,,
32a7badf3999,159,2026-04-02 13:00:00,True,66068.84,,,5,True,True,,synthetic_mid,0.03505969504724863,0.08514483988713577,0.05008514483988714,10001.998403,114,,,,,
32a7badf3999,160,2026-04-02 13:05:00,True,66068.84,,,5,True,True,,synthetic_mid,0.03505969504724863,0.08514483988713577,0.05008514483988714,10002.033462,116,,,,,
32a7badf3999,161,2026-04-02 13:10:00,True,66036.23999999999,,,5,True,True,,synthetic_mid,0.03505969504724542,0.08514483988713255,0.05008514483988713,10002.068522,118,,,,,
32a7badf3999,162,2026-04-02 13:15:00,True,65937.5,,,5,True,True,,synthetic_mid,0.03505969504724486,0.08514483988713199,0.05008514483988713,10002.103582,120,,,,,
32a7badf3999,163,2026-04-02 13:20:00,True,65955.41,,,5,True,True,,synthetic_mid,0.035059695047242864,0.08514483988713,0.05008514483988713,10002.138641,122,,,,,
32a7badf3999,164,2026-04-02 13:25:00,True,65955.41,,,5,True,True,,synthetic_mid,0.035059695047242864,0.08514483988713,0.05008514483988713,10002.173701,124,,,,,
32a7badf3999,165,2026-04-02 13:30:00,True,65912.82,,,5,True,True,,synthetic_mid,0.03505969504724968,0.08514483988713682,0.050085144839887144,10002.208761,126,,,,,
32a7badf3999,166,2026-04-02 13:35:00,True,65782.48000000001,,,5,True,True,,synthetic_mid,0.03505969504724646,0.08514483988713359,0.05008514483988713,10002.24382,128,,,,,
32a7badf3999,167,2026-04-02 13:40:00,True,65822.83,,,5,True,True,,synthetic_mid,0.03505969504724972,0.08514483988713686,0.050085144839887144,10002.27888,130,,,,,
32a7badf3999,168,2026-04-02 13:45:00,True,65999.44,,,5,True,True,,synthetic_mid,0.03505969504725208,0.08514483988713922,0.050085144839887144,10002.31394,132,,,,,
32a7badf3999,169,2026-04-02 13:50:00,True,66135.47,,,5,True,True,,synthetic_mid,0.035059695047250115,0.08514483988713725,0.05008514483988714,10002.349,134,,,,,
32a7badf3999,170,2026-04-02 13:55:00,True,66219.17000000001,,,5,True,True,,synthetic_mid,0.03505969504725266,0.0851448398871398,0.050085144839887144,10002.384059,136,,,,,
32a7badf3999,171,2026-04-02 14:00:00,True,66232.37,,,5,True,True,,synthetic_mid,0.035059695047242184,0.08514483988712931,0.05008514483988713,10002.419119,138,,,,,
32a7badf3999,172,2026-04-02 14:05:00,True,66277.73000000001,,,5,True,True,,synthetic_mid,0.035059695047252426,0.08514483988713957,0.050085144839887144,10002.454179,140,,,,,
32a7badf3999,173,2026-04-02 14:10:00,True,66408.81,,,5,True,True,,synthetic_mid,0.03505969504724755,0.08514483988713469,0.05008514483988714,10002.489238,142,,,,,
32a7badf3999,174,2026-04-02 14:15:00,True,66405.12,,,5,True,True,,synthetic_mid,0.03505969504724827,0.0851448398871354,0.05008514483988714,10002.524298,144,,,,,
32a7badf3999,175,2026-04-02 14:20:00,True,66405.12,,,5,True,True,,synthetic_mid,0.03505969504724827,0.0851448398871354,0.05008514483988714,10002.559358,146,,,,,
32a7badf3999,176,2026-04-02 14:25:00,True,66261.93,,,5,True,True,,synthetic_mid,0.035059695047242864,0.08514483988713,0.05008514483988713,10002.594417,148,,,,,
32a7badf3999,177,2026-04-02 14:30:00,True,66261.93,,,5,True,True,,synthetic_mid,0.035059695047242864,0.08514483988713,0.05008514483988713,10002.629477,150,,,,,
32a7badf3999,178,2026-04-02 14:35:00,True,66757.85999999999,,,5,True,True,,synthetic_mid,0.03505969504724766,0.0851448398871348,0.05008514483988714,10002.664537,152,,,,,
32a7badf3999,179,2026-04-02 14:40:00,True,66998.28,,,5,True,True,,synthetic_mid,0.03505969504724024,0.08514483988712737,0.05008514483988713,10002.699597,154,,,,,
32a7badf3999,180,2026-04-02 14:45:00,True,66790.92,,,5,True,True,,synthetic_mid,0.03505969504724745,0.08514483988713459,0.05008514483988714,10002.734656,156,,,,,
32a7badf3999,181,2026-04-02 14:50:00,True,66852.27,,,5,True,True,,synthetic_mid,0.03505969504724547,0.0851448398871326,0.05008514483988713,10002.769716,158,,,,,
32a7badf3999,182,2026-04-02 14:55:00,True,66910.66,,,5,True,True,,synthetic_mid,0.035059695047248256,0.08514483988713539,0.05008514483988714,10002.804776,160,,,,,
32a7badf3999,183,2026-04-02 15:00:00,True,66838.27,,,5,True,True,,synthetic_mid,0.035059695047248936,0.08514483988713607,0.05008514483988714,10002.839835,162,,,,,
32a7badf3999,184,2026-04-02 15:05:00,True,66806.44,,,5,True,True,,synthetic_mid,0.03505969504724525,0.08514483988713238,0.05008514483988713,10002.874895,164,,,,,
32a7badf3999,185,2026-04-02 15:10:00,True,66897.53,,,5,True,True,,synthetic_mid,0.035059695047250684,0.08514483988713782,0.05008514483988714,10002.909955,166,,,,,
32a7badf3999,186,2026-04-02 15:15:00,True,66893.95999999999,,,5,True,True,,synthetic_mid,0.035059695047254105,0.08514483988714125,0.050085144839887144,10002.945014,168,,,,,
32a7badf3999,187,2026-04-02 15:20:00,True,66796.67,,,5,True,True,,synthetic_mid,0.03505969504725187,0.08514483988713901,0.050085144839887144,10002.980074,170,,,,,
32a7badf3999,188,2026-04-02 15:25:00,True,66836.65,,,5,True,True,,synthetic_mid,0.035059695047248186,0.08514483988713532,0.05008514483988714,10003.015134,172,,,,,
32a7badf3999,189,2026-04-02 15:30:00,True,66740.88,,,5,True,True,,synthetic_mid,0.035059695047247215,0.08514483988713435,0.05008514483988714,10003.050193,174,,,,,
32a7badf3999,190,2026-04-02 15:35:00,True,66951.91,,,5,True,True,,synthetic_mid,0.03505969504725247,0.08514483988713961,0.050085144839887144,10003.085253,176,,,,,
32a7badf3999,191,2026-04-02 15:40:00,True,66971.64,,,5,True,True,,synthetic_mid,0.03505969504725026,0.0851448398871374,0.050085144839887144,10003.120313,178,,,,,
32a7badf3999,192,2026-04-02 15:45:00,True,66869.27,,,5,True,True,,synthetic_mid,0.03505969504724906,0.0851448398871362,0.05008514483988714,10003.155373,180,,,,,
32a7badf3999,193,2026-04-02 15:50:00,True,66867.97,,,5,True,True,,synthetic_mid,0.03505969504725002,0.08514483988713716,0.05008514483988714,10003.190432,182,,,,,
32a7badf3999,194,2026-04-02 15:55:00,True,66839.29000000001,,,5,True,True,,synthetic_mid,0.03505969504725262,0.08514483988713976,0.050085144839887144,10003.225492,184,,,,,
32a7badf3999,195,2026-04-02 16:00:00,True,66867.97,,,5,True,True,,synthetic_mid,0.03505969504725002,0.08514483988713716,0.05008514483988714,10003.260552,186,,,,,
32a7badf3999,196,2026-04-02 16:05:00,True,66908.12,,,5,True,True,,synthetic_mid,0.035059695047248755,0.08514483988713589,0.05008514483988714,10003.295611,188,,,,,
32a7badf3999,197,2026-04-02 16:10:00,True,66920.23000000001,,,5,True,True,,synthetic_mid,0.03505969504724259,0.08514483988712972,0.05008514483988713,10003.330671,190,,,,,
32a7badf3999,198,2026-04-02 16:15:00,True,66957.95000000001,,,5,True,True,,synthetic_mid,0.035059695047245654,0.08514483988713278,0.05008514483988713,10003.365731,192,,,,,
32a7badf3999,199,2026-04-02 16:20:00,True,66874.57,,,5,True,True,,synthetic_mid,0.03505969504725025,0.08514483988713739,0.050085144839887144,10003.40079,194,,,,,
32a7badf3999,200,2026-04-02 16:25:00,True,66899.92000000001,,,5,True,True,,synthetic_mid,0.03505969504724002,0.08514483988712715,0.05008514483988713,10003.43585,196,,,,,
32a7badf3999,201,2026-04-02 16:30:00,True,67012.07,,,5,True,True,,synthetic_mid,0.035059695047249796,0.08514483988713693,0.05008514483988714,10003.47091,198,,,,,
32a7badf3999,202,2026-04-02 16:35:00,True,67129.23000000001,,,5,True,True,,synthetic_mid,0.035059695047244765,0.0851448398871319,0.05008514483988713,10003.50597,200,,,,,
32a7badf3999,203,2026-04-02 16:40:00,True,67177.57,,,5,True,True,,synthetic_mid,0.035059695047247895,0.08514483988713503,0.05008514483988714,10003.541029,202,,,,,
32a7badf3999,204,2026-04-02 16:45:00,True,67198.09,,,5,True,True,,synthetic_mid,0.03505969504724837,0.0851448398871355,0.05008514483988714,10003.576089,204,,,,,
32a7badf3999,205,2026-04-02 16:50:00,True,67219.29000000001,,,5,True,True,,synthetic_mid,0.03505969504724763,0.08514483988713477,0.05008514483988714,10003.611149,206,,,,,
32a7badf3999,206,2026-04-02 16:55:00,True,67133.95000000001,,,5,True,True,,synthetic_mid,0.03505969504725204,0.08514483988713918,0.050085144839887144,10003.646208,208,,,,,
32a7badf3999,207,2026-04-02 17:00:00,True,66931.08,,,5,True,True,,synthetic_mid,0.03505969504724919,0.08514483988713634,0.050085144839887144,10003.681268,210,,,,,
32a7badf3999,208,2026-04-02 17:05:00,True,66964.57999999999,,,5,True,True,,synthetic_mid,0.0350596950472425,0.08514483988712963,0.05008514483988713,10003.716328,212,,,,,
32a7badf3999,209,2026-04-02 17:10:00,True,67196.65,,,5,True,True,,synthetic_mid,0.03505969504724891,0.08514483988713605,0.05008514483988714,10003.751387,214,,,,,
32a7badf3999,210,2026-04-02 17:15:00,True,67392.77,,,5,True,True,,synthetic_mid,0.03505969504724684,0.08514483988713398,0.05008514483988714,10003.786447,216,,,,,
32a7badf3999,211,2026-04-02 17:20:00,True,67377.95999999999,,,5,True,True,,synthetic_mid,0.0350596950472445,0.08514483988713163,0.05008514483988713,10003.821507,218,,,,,
32a7badf3999,212,2026-04-02 17:25:00,True,67309.68,,,5,True,True,,synthetic_mid,0.03505969504725108,0.08514483988713822,0.050085144839887144,10003.856566,220,,,,,
32a7badf3999,213,2026-04-02 17:30:00,True,67079.41,,,5,True,True,,synthetic_mid,0.035059695047246715,0.08514483988713385,0.05008514483988714,10003.891626,222,,,,,
32a7badf3999,214,2026-04-02 17:35:00,True,66992.64,,,5,True,True,,synthetic_mid,0.03505969504724509,0.08514483988713223,0.05008514483988714,10003.926686,224,,,,,
32a7badf3999,215,2026-04-02 17:40:00,True,66984.15,,,5,True,True,,synthetic_mid,0.035059695047253064,0.08514483988714021,0.050085144839887144,10003.961746,226,,,,,
32a7badf3999,216,2026-04-02 17:45:00,True,66851.5,,,5,True,True,,synthetic_mid,0.035059695047251455,0.0851448398871386,0.050085144839887144,10003.996805,228,,,,,
32a7badf3999,217,2026-04-02 17:50:00,True,66818.45999999999,,,5,True,True,,synthetic_mid,0.035059695047249366,0.0851448398871365,0.05008514483988714,10004.031865,230,,,,,
32a7badf3999,218,2026-04-02 17:55:00,True,66696.87,,,5,True,True,,synthetic_mid,0.03505969504725222,0.08514483988713936,0.050085144839887144,10004.066925,232,,,,,
32a7badf3999,219,2026-04-02 18:00:00,True,66702.52,,,5,True,True,,synthetic_mid,0.03505969504724621,0.08514483988713334,0.05008514483988713,10004.101984,234,,,,,
32a7badf3999,220,2026-04-02 18:05:00,True,66630.01000000001,,,5,True,True,,synthetic_mid,0.035059695047249664,0.08514483988713681,0.050085144839887144,10004.137044,236,,,,,
32a7badf3999,221,2026-04-02 18:10:00,True,66662.03,,,5,True,True,,synthetic_mid,0.03505969504724806,0.0851448398871352,0.05008514483988714,10004.172104,238,,,,,
32a7badf3999,222,2026-04-02 18:15:00,True,66745.68,,,5,True,True,,synthetic_mid,0.035059695047250865,0.085144839887138,0.05008514483988714,10004.207163,240,,,,,
32a7badf3999,223,2026-04-02 18:20:00,True,66758.8,,,5,True,True,,synthetic_mid,0.035059695047244085,0.08514483988713122,0.05008514483988713,10004.242223,242,,,,,
32a7badf3999,224,2026-04-02 18:25:00,True,66608.68,,,5,True,True,,synthetic_mid,0.03505969504724339,0.08514483988713052,0.05008514483988713,10004.277283,244,,,,,
32a7badf3999,225,2026-04-02 18:30:00,True,66664.66,,,5,True,True,,synthetic_mid,0.03505969504724275,0.08514483988712988,0.05008514483988713,10004.312342,246,,,,,
32a7badf3999,226,2026-04-02 18:35:00,True,66681.68,,,5,True,True,,synthetic_mid,0.03505969504724407,0.0851448398871312,0.05008514483988713,10004.347402,248,,,,,
32a7badf3999,227,2026-04-02 18:40:00,True,66727.89,,,5,True,True,,synthetic_mid,0.03505969504725007,0.08514483988713721,0.050085144839887144,10004.382462,250,,,,,
32a7badf3999,228,2026-04-02 18:45:00,True,66841.97,,,5,True,True,,synthetic_mid,0.035059695047241615,0.08514483988712875,0.05008514483988713,10004.417522,252,,,,,
32a7badf3999,229,2026-04-02 18:50:00,True,67016.26999999999,,,5,True,True,,synthetic_mid,0.03505969504725096,0.0851448398871381,0.05008514483988714,10004.452581,254,,,,,
32a7badf3999,230,2026-04-02 18:55:00,True,66987.39,,,5,True,True,,synthetic_mid,0.035059695047249116,0.08514483988713625,0.05008514483988714,10004.487641,256,,,,,
32a7badf3999,231,2026-04-02 19:00:00,True,66936.25,,,5,True,True,,synthetic_mid,0.03505969504724338,0.08514483988713051,0.05008514483988713,10004.522701,258,,,,,
32a7badf3999,232,2026-04-02 19:05:00,True,67023.51999999999,,,5,True,True,,synthetic_mid,0.03505969504725345,0.0851448398871406,0.050085144839887144,10004.55776,260,,,,,
32a7badf3999,233,2026-04-02 19:10:00,True,67023.51999999999,,,5,True,True,,synthetic_mid,0.03505969504725345,0.0851448398871406,0.050085144839887144,10004.59282,262,,,,,
32a7badf3999,234,2026-04-02 19:15:00,True,67026.36,,,5,True,True,,synthetic_mid,0.03505969504724059,0.08514483988712772,0.05008514483988713,10004.62788,264,,,,,
32a7badf3999,235,2026-04-02 19:20:00,True,67003.04000000001,,,5,True,True,,synthetic_mid,0.035059695047248436,0.08514483988713557,0.05008514483988714,10004.662939,266,,,,,
32a7badf3999,236,2026-04-02 19:25:00,True,67065.13,,,5,True,True,,synthetic_mid,0.03505969504724392,0.08514483988713105,0.05008514483988713,10004.697999,268,,,,,
32a7badf3999,237,2026-04-02 19:30:00,True,66994.85,,,5,True,True,,synthetic_mid,0.03505969504724403,0.08514483988713116,0.05008514483988713,10004.733059,270,,,,,
32a7badf3999,238,2026-04-02 19:35:00,True,66994.85,,,5,True,True,,synthetic_mid,0.03505969504724403,0.08514483988713116,0.05008514483988713,10004.768119,272,,,,,
32a7badf3999,239,2026-04-02 19:40:00,True,66994.85,,,5,True,True,,synthetic_mid,0.03505969504724403,0.08514483988713116,0.05008514483988713,10004.803178,274,,,,,
32a7badf3999,240,2026-04-02 19:45:00,True,66962.62,,,5,True,True,,synthetic_mid,0.035059695047236876,0.085144839887124,0.05008514483988712,10004.838238,276,,,,,
32a7badf3999,241,2026-04-02 19:50:00,True,67019.36,,,5,True,True,,synthetic_mid,0.03505969504724231,0.08514483988712944,0.05008514483988713,10004.873298,278,,,,,
32a7badf3999,242,2026-04-02 19:55:00,True,67019.36,,,5,True,True,,synthetic_mid,0.03505969504724231,0.08514483988712944,0.05008514483988713,10004.908357,280,,,,,
32a7badf3999,243,2026-04-02 20:00:00,True,66868.48000000001,,,5,True,True,,synthetic_mid,0.03505969504725186,0.085144839887139,0.050085144839887144,10004.943417,282,,,,,
32a7badf3999,244,2026-04-02 20:05:00,True,66901.97,,,5,True,True,,synthetic_mid,0.035059695047251746,0.08514483988713889,0.050085144839887144,10004.978477,284,,,,,
32a7badf3999,245,2026-04-02 20:10:00,True,66906.95999999999,,,5,True,True,,synthetic_mid,0.03505969504724464,0.08514483988713177,0.05008514483988713,10005.013536,286,,,,,
32a7badf3999,246,2026-04-02 20:15:00,True,66979.84,,,5,True,True,,synthetic_mid,0.035059695047242656,0.08514483988712979,0.05008514483988713,10005.048596,288,,,,,
32a7badf3999,247,2026-04-02 20:20:00,True,66979.84,,,5,True,True,,synthetic_mid,0.035059695047242656,0.08514483988712979,0.05008514483988713,10005.083656,290,,,,,
32a7badf3999,248,2026-04-02 20:25:00,True,67057.07,,,5,True,True,,synthetic_mid,0.03505969504724649,0.08514483988713363,0.05008514483988714,10005.118715,292,,,,,
32a7badf3999,249,2026-04-02 20:30:00,True,66999.64,,,5,True,True,,synthetic_mid,0.035059695047254244,0.08514483988714139,0.050085144839887144,10005.153775,294,,,,,
32a7badf3999,250,2026-04-02 20:35:00,True,66999.64,,,5,True,True,,synthetic_mid,0.035059695047254244,0.08514483988714139,0.050085144839887144,10005.188835,296,,,,,
32a7badf3999,251,2026-04-02 20:40:00,True,67036.11,,,5,True,True,,synthetic_mid,0.03505969504724713,0.08514483988713427,0.05008514483988714,10005.223895,298,,,,,
32a7badf3999,252,2026-04-02 20:45:00,True,67036.11,,,5,True,True,,synthetic_mid,0.03505969504724713,0.08514483988713427,0.05008514483988714,10005.258954,300,,,,,
32a7badf3999,253,2026-04-02 20:50:00,False,67036.11,cycle_end,filters_failed,5,False,,,,,,,10005.258954,300,,,,,
32a7badf3999,254,2026-04-02 20:55:00,False,67036.11,,,5,False,,,,,,,10005.258954,300,,,,,
32a7badf3999,255,2026-04-02 21:00:00,True,66904.41,cycle_start,,6,True,True,,synthetic_mid,0.03505969504725173,0.08514483988713888,0.050085144839887144,10005.294014,302,22.0,50.0,0.0003363007,agent_heuristic,[]
32a7badf3999,256,2026-04-02 21:05:00,False,66904.41,cycle_end,filters_failed,6,False,,,,,,,10005.294014,302,,,,,
32a7badf3999,257,2026-04-02 21:10:00,True,66796.28,cycle_start,,7,True,True,,synthetic_mid,0.03505969504724726,0.0851448398871344,0.05008514483988714,10005.329074,304,22.0,50.0,0.0003368451,agent_heuristic,[]
32a7badf3999,258,2026-04-02 21:15:00,False,66796.28,cycle_end,filters_failed,7,False,,,,,,,10005.329074,304,,,,,
32a7badf3999,259,2026-04-02 21:20:00,True,66828.04000000001,cycle_start,,8,True,True,,synthetic_mid,0.035059695047242545,0.08514483988712968,0.05008514483988713,10005.364133,306,22.0,50.0,0.000336685,agent_heuristic,[]
32a7badf3999,260,2026-04-02 21:25:00,True,66861.09,,,8,True,True,,synthetic_mid,0.03505969504724898,0.08514483988713611,0.05008514483988714,10005.399193,308,,,,,
32a7badf3999,261,2026-04-02 21:30:00,True,66878.32,,,8,True,True,,synthetic_mid,0.035059695047248145,0.08514483988713528,0.05008514483988714,10005.434253,310,,,,,
32a7badf3999,262,2026-04-02 21:35:00,True,66878.32,,,8,True,True,,synthetic_mid,0.035059695047248145,0.08514483988713528,0.05008514483988714,10005.469312,312,,,,,
32a7badf3999,263,2026-04-02 21:40:00,True,66792.20999999999,,,8,True,True,,synthetic_mid,0.0350596950472422,0.08514483988712933,0.05008514483988713,10005.504372,314,,,,,
32a7badf3999,264,2026-04-02 21:45:00,True,66792.20999999999,,,8,True,True,,synthetic_mid,0.0350596950472422,0.08514483988712933,0.05008514483988713,10005.539432,316,,,,,
32a7badf3999,265,2026-04-02 21:50:00,True,66792.20999999999,,,8,True,True,,synthetic_mid,0.0350596950472422,0.08514483988712933,0.05008514483988713,10005.574492,318,,,,,
32a7badf3999,266,2026-04-02 21:55:00,True,66940.45999999999,,,8,True,True,,synthetic_mid,0.035059695047254286,0.08514483988714143,0.050085144839887144,10005.609551,320,,,,,
32a7badf3999,267,2026-04-02 22:00:00,True,66940.45999999999,,,8,True,True,,synthetic_mid,0.035059695047254286,0.08514483988714143,0.050085144839887144,10005.644611,322,,,,,
32a7badf3999,268,2026-04-02 22:05:00,True,66940.45999999999,,,8,True,True,,synthetic_mid,0.035059695047254286,0.08514483988714143,0.050085144839887144,10005.679671,324,,,,,
32a7badf3999,269,2026-04-02 22:10:00,True,66940.45999999999,,,8,True,True,,synthetic_mid,0.035059695047254286,0.08514483988714143,0.050085144839887144,10005.71473,326,,,,,
32a7badf3999,270,2026-04-02 22:15:00,True,66940.45999999999,,,8,True,True,,synthetic_mid,0.035059695047254286,0.08514483988714143,0.050085144839887144,10005.74979,328,,,,,
32a7badf3999,271,2026-04-02 22:20:00,True,66951.98999999999,,,8,True,True,,synthetic_mid,0.035059695047237924,0.08514483988712505,0.05008514483988713,10005.78485,330,,,,,
32a7badf3999,272,2026-04-02 22:25:00,True,66898.47,,,8,True,True,,synthetic_mid,0.035059695047252606,0.08514483988713975,0.050085144839887144,10005.819909,332,,,,,
32a7badf3999,273,2026-04-02 22:30:00,True,66898.47,,,8,True,True,,synthetic_mid,0.035059695047252606,0.08514483988713975,0.050085144839887144,10005.854969,334,,,,,
32a7badf3999,274,2026-04-02 22:35:00,True,66973.07,,,8,True,True,,synthetic_mid,0.03505969504725085,0.08514483988713799,0.05008514483988714,10005.890029,336,,,,,
32a7badf3999,275,2026-04-02 22:40:00,True,66973.07,,,8,True,True,,synthetic_mid,0.03505969504725085,0.08514483988713799,0.05008514483988714,10005.925088,338,,,,,
32a7badf3999,276,2026-04-02 22:45:00,True,66973.07,,,8,True,True,,synthetic_mid,0.03505969504725085,0.08514483988713799,0.05008514483988714,10005.960148,340,,,,,
32a7badf3999,277,2026-04-02 22:50:00,True,67002.12,,,8,True,True,,synthetic_mid,0.0350596950472497,0.08514483988713684,0.05008514483988714,10005.995208,342,,,,,
32a7badf3999,278,2026-04-02 22:55:00,False,67009.17,cycle_end,filters_failed,8,False,,,,,,,10005.995208,342,,,,,
32a7badf3999,279,2026-04-02 23:00:00,False,67012.12,,,8,False,,,,,,,10005.995208,342,,,,,
32a7badf3999,280,2026-04-02 23:05:00,False,67012.12,,,8,False,,,,,,,10005.995208,342,,,,,
32a7badf3999,281,2026-04-02 23:10:00,False,66987.79999999999,,,8,False,,,,,,,10005.995208,342,,,,,
32a7badf3999,282,2026-04-02 23:15:00,False,66987.79999999999,,,8,False,,,,,,,10005.995208,342,,,,,
32a7badf3999,283,2026-04-02 23:20:00,False,67049.95,,,8,False,,,,,,,10005.995208,342,,,,,
32a7badf3999,284,2026-04-02 23:25:00,False,67049.95,,,8,False,,,,,,,10005.995208,342,,,,,
32a7badf3999,285,2026-04-02 23:30:00,False,66964.25,,,8,False,,,,,,,10005.995208,342,,,,,
32a7badf3999,286,2026-04-02 23:35:00,False,66984.56,,,8,False,,,,,,,10005.995208,342,,,,,
32a7badf3999,287,2026-04-02 23:40:00,True,66908.0,cycle_start,,9,True,True,,synthetic_mid,0.03505969504725151,0.08514483988713865,0.050085144839887144,10006.030268,344,22.0,50.0,0.0003362827,agent_heuristic,[]
32a7badf3999,288,2026-04-02 23:45:00,False,66908.0,cycle_end,filters_failed,9,False,,,,,,,10006.030268,344,,,,,
32a7badf3999,289,2026-04-02 23:50:00,False,66908.0,,,9,False,,,,,,,10006.030268,344,,,,,
32a7badf3999,290,2026-04-02 23:55:00,False,66921.15,,,9,False,,,,,,,10006.030268,344,,,,,
32a7badf3999,291,2026-04-03 00:00:00,False,66921.15,,,9,False,,,,,,,10006.030268,344,,,,,
32a7badf3999,292,2026-04-03 00:05:00,False,66883.41,,,9,False,,,,,,,10006.030268,344,,,,,
32a7badf3999,293,2026-04-03 00:10:00,False,66883.41,,,9,False,,,,,,,10006.030268,344,,,,,
32a7badf3999,294,2026-04-03 00:15:00,False,66883.41,,,9,False,,,,,,,10006.030268,344,,,,,
32a7badf3999,295,2026-04-03 00:20:00,False,66883.41,,,9,False,,,,,,,10006.030268,344,,,,,
32a7badf3999,296,2026-04-03 00:25:00,False,66892.45,,,9,False,,,,,,,10006.030268,344,,,,,
32a7badf3999,297,2026-04-03 00:30:00,False,66841.20999999999,,,9,False,,,,,,,10006.030268,344,,,,,
32a7badf3999,298,2026-04-03 00:35:00,False,66893.38,,,9,False,,,,,,,10006.030268,344,,,,,
32a7badf3999,299,2026-04-03 00:40:00,True,66833.38,cycle_start,,10,True,True,,synthetic_mid,0.03505969504724464,0.08514483988713177,0.05008514483988713,10006.065327,346,22.0,50.0,0.0003366581,agent_heuristic,[]
32a7badf3999,300,2026-04-03 00:45:00,True,66780.13,,,10,True,True,,synthetic_mid,0.035059695047239464,0.0851448398871266,0.05008514483988713,10006.100387,348,,,,,
32a7badf3999,301,2026-04-03 00:50:00,False,66780.13,cycle_end,filters_failed,10,False,,,,,,,10006.100387,348,,,,,
32a7badf3999,302,2026-04-03 00:55:00,False,66780.13,,,10,False,,,,,,,10006.100387,348,,,,,
32a7badf3999,303,2026-04-03 01:00:00,False,66763.86,,,10,False,,,,,,,10006.100387,348,,,,,
32a7badf3999,304,2026-04-03 01:05:00,False,66780.13,,,10,False,,,,,,,10006.100387,348,,,,,
32a7badf3999,305,2026-04-03 01:10:00,False,66780.13,,,10,False,,,,,,,10006.100387,348,,,,,
32a7badf3999,306,2026-04-03 01:15:00,False,66777.28,,,10,False,,,,,,,10006.100387,348,,,,,
32a7badf3999,307,2026-04-03 01:20:00,False,66777.28,,,10,False,,,,,,,10006.100387,348,,,,,
32a7badf3999,308,2026-04-03 01:25:00,False,66777.28,,,10,False,,,,,,,10006.100387,348,,,,,
32a7badf3999,309,2026-04-03 01:30:00,False,66862.7,,,10,False,,,,,,,10006.100387,348,,,,,
32a7badf3999,310,2026-04-03 01:35:00,True,66506.47,cycle_start,,11,True,True,,synthetic_mid,0.03505969504725123,0.08514483988713838,0.050085144839887144,10006.135447,350,22.0,50.0,0.0003383129,agent_heuristic,[]
32a7badf3999,311,2026-04-03 01:40:00,True,66544.37,,,11,True,True,,synthetic_mid,0.035059695047250136,0.08514483988713728,0.050085144839887144,10006.170506,352,,,,,
32a7badf3999,312,2026-04-03 01:45:00,True,66577.23999999999,,,11,True,True,,synthetic_mid,0.035059695047255285,0.08514483988714243,0.050085144839887144,10006.205566,354,,,,,
32a7badf3999,313,2026-04-03 01:50:00,True,66538.69,,,11,True,True,,synthetic_mid,0.03505969504724862,0.08514483988713575,0.05008514483988714,10006.240626,356,,,,,
32a7badf3999,314,2026-04-03 01:55:00,True,66584.81,,,11,True,True,,synthetic_mid,0.03505969504724306,0.08514483988713019,0.05008514483988713,10006.275685,358,,,,,
32a7badf3999,315,2026-04-03 02:00:00,True,66584.81,,,11,True,True,,synthetic_mid,0.03505969504724306,0.08514483988713019,0.05008514483988713,10006.310745,360,,,,,
32a7badf3999,316,2026-04-03 02:05:00,True,66584.81,,,11,True,True,,synthetic_mid,0.03505969504724306,0.08514483988713019,0.05008514483988713,10006.345805,362,,,,,
32a7badf3999,317,2026-04-03 02:10:00,True,66479.45999999999,,,11,True,True,,synthetic_mid,0.03505969504724892,0.08514483988713606,0.05008514483988714,10006.380864,364,,,,,
32a7badf3999,318,2026-04-03 02:15:00,True,66724.4,,,11,True,True,,synthetic_mid,0.035059695047249796,0.08514483988713693,0.05008514483988714,10006.415924,366,,,,,
32a7badf3999,319,2026-04-03 02:20:00,True,66724.4,,,11,True,True,,synthetic_mid,0.035059695047249796,0.08514483988713693,0.05008514483988714,10006.450984,368,,,,,
32a7badf3999,320,2026-04-03 02:25:00,True,66479.45999999999,,,11,True,True,,synthetic_mid,0.03505969504724892,0.08514483988713606,0.05008514483988714,10006.486044,370,,,,,
32a7badf3999,321,2026-04-03 02:30:00,True,66479.45999999999,,,11,True,True,,synthetic_mid,0.03505969504724892,0.08514483988713606,0.05008514483988714,10006.521103,372,,,,,
32a7badf3999,322,2026-04-03 02:35:00,True,66444.61,,,11,True,True,,synthetic_mid,0.03505969504725137,0.08514483988713852,0.050085144839887144,10006.556163,374,,,,,
32a7badf3999,323,2026-04-03 02:40:00,True,66444.61,,,11,True,True,,synthetic_mid,0.03505969504725137,0.08514483988713852,0.050085144839887144,10006.591223,376,,,,,
32a7badf3999,324,2026-04-03 02:45:00,True,66333.44,,,11,True,True,,synthetic_mid,0.035059695047238826,0.08514483988712596,0.05008514483988713,10006.626282,378,,,,,
32a7badf3999,325,2026-04-03 02:50:00,True,66477.22,,,11,True,True,,synthetic_mid,0.03505969504725341,0.08514483988714056,0.050085144839887144,10006.661342,380,,,,,
32a7badf3999,326,2026-04-03 02:55:00,True,66477.22,,,11,True,True,,synthetic_mid,0.03505969504725341,0.08514483988714056,0.050085144839887144,10006.696402,382,,,,,
32a7badf3999,327,2026-04-03 03:00:00,True,66528.62,,,11,True,True,,synthetic_mid,0.035059695047245834,0.08514483988713296,0.05008514483988713,10006.731461,384,,,,,
32a7badf3999,328,2026-04-03 03:05:00,True,66575.53,,,11,True,True,,synthetic_mid,0.03505969504724838,0.08514483988713552,0.05008514483988714,10006.766521,386,,,,,
32a7badf3999,329,2026-04-03 03:10:00,True,66581.2,,,11,True,True,,synthetic_mid,0.03505969504725104,0.08514483988713818,0.050085144839887144,10006.801581,388,,,,,
32a7badf3999,330,2026-04-03 03:15:00,True,66581.2,,,11,True,True,,synthetic_mid,0.03505969504725104,0.08514483988713818,0.050085144839887144,10006.836641,390,,,,,
32a7badf3999,331,2026-04-03 03:20:00,True,66705.73999999999,,,11,True,True,,synthetic_mid,0.03505969504725001,0.08514483988713716,0.050085144839887144,10006.8717,392,,,,,
32a7badf3999,332,2026-04-03 03:25:00,True,66705.73999999999,,,11,True,True,,synthetic_mid,0.03505969504725001,0.08514483988713716,0.050085144839887144,10006.90676,394,,,,,
32a7badf3999,333,2026-04-03 03:30:00,True,66705.73999999999,,,11,True,True,,synthetic_mid,0.03505969504725001,0.08514483988713716,0.050085144839887144,10006.94182,396,,,,,
32a7badf3999,334,2026-04-03 03:35:00,True,66624.38,,,11,True,True,,synthetic_mid,0.03505969504724794,0.08514483988713507,0.05008514483988714,10006.976879,398,,,,,
32a7badf3999,335,2026-04-03 03:40:00,True,66556.77,,,11,True,True,,synthetic_mid,0.03505969504724909,0.08514483988713623,0.05008514483988714,10007.011939,400,,,,,
32a7badf3999,336,2026-04-03 03:45:00,True,66556.77,,,11,True,True,,synthetic_mid,0.03505969504724909,0.08514483988713623,0.05008514483988714,10007.046999,402,,,,,
32a7badf3999,337,2026-04-03 03:50:00,False,66556.77,cycle_end,filters_failed,11,False,,,,,,,10007.046999,402,,,,,
32a7badf3999,338,2026-04-03 03:55:00,False,66556.77,,,11,False,,,,,,,10007.046999,402,,,,,
32a7badf3999,339,2026-04-03 04:00:00,False,66556.77,,,11,False,,,,,,,10007.046999,402,,,,,
32a7badf3999,340,2026-04-03 04:05:00,False,66556.77,,,11,False,,,,,,,10007.046999,402,,,,,
32a7badf3999,341,2026-04-03 04:10:00,False,66622.17000000001,,,11,False,,,,,,,10007.046999,402,,,,,
32a7badf3999,342,2026-04-03 04:15:00,False,66622.17000000001,,,11,False,,,,,,,10007.046999,402,,,,,
32a7badf3999,343,2026-04-03 04:20:00,False,66621.54000000001,,,11,False,,,,,,,10007.046999,402,,,,,
32a7badf3999,344,2026-04-03 04:25:00,False,66621.54000000001,,,11,False,,,,,,,10007.046999,402,,,,,
32a7badf3999,345,2026-04-03 04:30:00,False,66621.54000000001,,,11,False,,,,,,,10007.046999,402,,,,,
32a7badf3999,346,2026-04-03 04:35:00,False,66558.84,,,11,False,,,,,,,10007.046999,402,,,,,
32a7badf3999,347,2026-04-03 04:40:00,False,66585.79000000001,,,11,False,,,,,,,10007.046999,402,,,,,
32a7badf3999,348,2026-04-03 04:45:00,False,66658.84,,,11,False,,,,,,,10007.046999,402,,,,,
32a7badf3999,349,2026-04-03 04:50:00,False,66658.84,,,11,False,,,,,,,10007.046999,402,,,,,
32a7badf3999,350,2026-04-03 04:55:00,False,66658.84,,,11,False,,,,,,,10007.046999,402,,,,,
32a7badf3999,351,2026-04-03 05:00:00,False,66659.41,,,11,False,,,,,,,10007.046999,402,,,,,
32a7badf3999,352,2026-04-03 05:05:00,False,66619.94,,,11,False,,,,,,,10007.046999,402,,,,,
32a7badf3999,353,2026-04-03 05:10:00,False,66558.51000000001,,,11,False,,,,,,,10007.046999,402,,,,,
32a7badf3999,354,2026-04-03 05:15:00,False,66530.3,,,11,False,,,,,,,10007.046999,402,,,,,
32a7badf3999,355,2026-04-03 05:20:00,False,66530.3,,,11,False,,,,,,,10007.046999,402,,,,,
32a7badf3999,356,2026-04-03 05:25:00,False,66530.3,,,11,False,,,,,,,10007.046999,402,,,,,
32a7badf3999,357,2026-04-03 05:30:00,True,66796.64,cycle_start,,12,True,True,,synthetic_mid,0.03505969504723892,0.08514483988712605,0.05008514483988713,10007.082058,404,22.0,50.0,0.0003368433,agent_heuristic,[]
32a7badf3999,358,2026-04-03 05:35:00,True,66770.3,,,12,True,True,,synthetic_mid,0.03505969504725295,0.0851448398871401,0.050085144839887144,10007.117118,406,,,,,
32a7badf3999,359,2026-04-03 05:40:00,True,66770.3,,,12,True,True,,synthetic_mid,0.03505969504725295,0.0851448398871401,0.050085144839887144,10007.152178,408,,,,,
32a7badf3999,360,2026-04-03 05:45:00,True,66730.51000000001,,,12,True,True,,synthetic_mid,0.035059695047251344,0.08514483988713849,0.050085144839887144,10007.187237,410,,,,,
32a7badf3999,361,2026-04-03 05:50:00,True,66596.99,,,12,True,True,,synthetic_mid,0.03505969504724528,0.08514483988713241,0.05008514483988713,10007.222297,412,,,,,
32a7badf3999,362,2026-04-03 05:55:00,True,66548.03,,,12,True,True,,synthetic_mid,0.03505969504724191,0.08514483988712904,0.05008514483988713,10007.257357,414,,,,,
32a7badf3999,363,2026-04-03 06:00:00,True,66599.48999999999,,,12,True,True,,synthetic_mid,0.035059695047249366,0.0851448398871365,0.05008514483988714,10007.292417,416,,,,,
32a7badf3999,364,2026-04-03 06:05:00,True,66592.45999999999,,,12,True,True,,synthetic_mid,0.03505969504724907,0.08514483988713621,0.050085144839887144,10007.327476,418,,,,,
32a7badf3999,365,2026-04-03 06:10:00,True,66592.45999999999,,,12,True,True,,synthetic_mid,0.03505969504724907,0.08514483988713621,0.050085144839887144,10007.362536,420,,,,,
32a7badf3999,366,2026-04-03 06:15:00,True,66656.67000000001,,,12,True,True,,synthetic_mid,0.03505969504724278,0.08514483988712991,0.05008514483988713,10007.397596,422,,,,,
32a7badf3999,367,2026-04-03 06:20:00,True,66668.88,,,12,True,True,,synthetic_mid,0.03505969504724707,0.0851448398871342,0.05008514483988713,10007.432655,424,,,,,
32a7badf3999,368,2026-04-03 06:25:00,True,66668.88,,,12,True,True,,synthetic_mid,0.03505969504724707,0.0851448398871342,0.05008514483988713,10007.467715,426,,,,,
32a7badf3999,369,2026-04-03 06:30:00,True,66629.83,,,12,True,True,,synthetic_mid,0.03505969504724838,0.08514483988713552,0.05008514483988714,10007.502775,428,,,,,
32a7badf3999,370,2026-04-03 06:35:00,True,66765.84,,,12,True,True,,synthetic_mid,0.03505969504724873,0.08514483988713586,0.05008514483988714,10007.537834,430,,,,,
32a7badf3999,371,2026-04-03 06:40:00,True,66765.84,,,12,True,True,,synthetic_mid,0.03505969504724873,0.08514483988713586,0.05008514483988714,10007.572894,432,,,,,
32a7badf3999,372,2026-04-03 06:45:00,True,66765.84,,,12,True,True,,synthetic_mid,0.03505969504724873,0.08514483988713586,0.05008514483988714,10007.607954,434,,,,,
32a7badf3999,373,2026-04-03 06:50:00,True,66777.0,,,12,True,True,,synthetic_mid,0.03505969504725269,0.08514483988713983,0.050085144839887144,10007.643014,436,,,,,
32a7badf3999,374,2026-04-03 06:55:00,True,66809.54000000001,,,12,True,True,,synthetic_mid,0.03505969504724635,0.08514483988713348,0.05008514483988713,10007.678073,438,,,,,
32a7badf3999,375,2026-04-03 07:00:00,True,66809.54000000001,,,12,True,True,,synthetic_mid,0.03505969504724635,0.08514483988713348,0.05008514483988713,10007.713133,440,,,,,
32a7badf3999,376,2026-04-03 07:05:00,True,66809.54000000001,,,12,True,True,,synthetic_mid,0.03505969504724635,0.08514483988713348,0.05008514483988713,10007.748193,442,,,,,
32a7badf3999,377,2026-04-03 07:10:00,True,66809.42000000001,,,12,True,True,,synthetic_mid,0.03505969504724364,0.08514483988713077,0.05008514483988713,10007.783252,444,,,,,
32a7badf3999,378,2026-04-03 07:15:00,True,66809.42000000001,,,12,True,True,,synthetic_mid,0.03505969504724364,0.08514483988713077,0.05008514483988713,10007.818312,446,,,,,
32a7badf3999,379,2026-04-03 07:20:00,True,66870.05,,,12,True,True,,synthetic_mid,0.03505969504724196,0.08514483988712909,0.05008514483988713,10007.853372,448,,,,,
32a7badf3999,380,2026-04-03 07:25:00,True,66870.05,,,12,True,True,,synthetic_mid,0.03505969504724196,0.08514483988712909,0.05008514483988713,10007.888431,450,,,,,
32a7badf3999,381,2026-04-03 07:30:00,False,66870.05,cycle_end,filters_failed,12,False,,,,,,,10007.888431,450,,,,,
32a7badf3999,382,2026-04-03 07:35:00,True,67154.86,cycle_start,,13,True,True,,synthetic_mid,0.035059695047240824,0.08514483988712795,0.05008514483988713,10007.923491,452,22.0,50.0,0.0003350465,agent_heuristic,[]
32a7badf3999,383,2026-04-03 07:40:00,False,67130.45000000001,cycle_end,filters_failed,13,False,,,,,,,10007.923491,452,,,,,
32a7badf3999,384,2026-04-03 07:45:00,True,67060.85,cycle_start,,14,True,True,,synthetic_mid,0.03505969504724643,0.08514483988713356,0.05008514483988713,10007.958551,454,22.0,50.0,0.0003355162,agent_heuristic,[]
32a7badf3999,385,2026-04-03 07:50:00,True,67088.59,,,14,True,True,,synthetic_mid,0.035059695047247354,0.08514483988713449,0.05008514483988714,10007.99361,456,,,,,
32a7badf3999,386,2026-04-03 07:55:00,False,67088.59,cycle_end,filters_failed,14,False,,,,,,,10007.99361,456,,,,,
32a7badf3999,387,2026-04-03 08:00:00,False,67065.43,,,14,False,,,,,,,10007.99361,456,,,,,
32a7badf3999,388,2026-04-03 08:05:00,True,67200.0,cycle_start,,15,True,True,,synthetic_mid,0.03505969504724335,0.08514483988713048,0.05008514483988713,10008.02867,458,22.0,50.0,0.0003348214,agent_heuristic,[]
32a7badf3999,389,2026-04-03 08:10:00,False,67205.43,cycle_end,filters_failed,15,False,,,,,,,10008.02867,458,,,,,
32a7badf3999,390,2026-04-03 08:15:00,False,67174.29000000001,,,15,False,,,,,,,10008.02867,458,,,,,
32a7badf3999,391,2026-04-03 08:20:00,False,67174.29000000001,,,15,False,,,,,,,10008.02867,458,,,,,
32a7badf3999,392,2026-04-03 08:25:00,False,67084.03,,,15,False,,,,,,,10008.02867,458,,,,,
32a7badf3999,393,2026-04-03 08:30:00,False,67084.03,,,15,False,,,,,,,10008.02867,458,,,,,
32a7badf3999,394,2026-04-03 08:35:00,False,67057.95999999999,,,15,False,,,,,,,10008.02867,458,,,,,
32a7badf3999,395,2026-04-03 08:40:00,False,66954.8,,,15,False,,,,,,,10008.02867,458,,,,,
32a7badf3999,396,2026-04-03 08:45:00,False,67009.38,,,15,False,,,,,,,10008.02867,458,,,,,
32a7badf3999,397,2026-04-03 08:50:00,False,66971.57999999999,,,15,False,,,,,,,10008.02867,458,,,,,
32a7badf3999,398,2026-04-03 08:55:00,False,66981.41,,,15,False,,,,,,,10008.02867,458,,,,,
32a7badf3999,399,2026-04-03 09:00:00,False,66981.14,,,15,False,,,,,,,10008.02867,458,,,,,
32a7badf3999,400,2026-04-03 09:05:00,False,66900.37,,,15,False,,,,,,,10008.02867,458,,,,,
32a7badf3999,401,2026-04-03 09:10:00,False,66906.55,,,15,False,,,,,,,10008.02867,458,,,,,
32a7badf3999,402,2026-04-03 09:15:00,False,66902.91,,,15,False,,,,,,,10008.02867,458,,,,,
32a7badf3999,403,2026-04-03 09:20:00,True,66790.95999999999,cycle_start,,16,True,True,,synthetic_mid,0.03505969504724835,0.08514483988713549,0.05008514483988714,10008.06373,460,22.0,50.0,0.0003368719,agent_heuristic,[]
32a7badf3999,404,2026-04-03 09:25:00,True,66846.22,,,16,True,True,,synthetic_mid,0.03505969504724798,0.08514483988713512,0.05008514483988714,10008.09879,462,,,,,
32a7badf3999,405,2026-04-03 09:30:00,True,66862.69,,,16,True,True,,synthetic_mid,0.035059695047251996,0.08514483988713914,0.050085144839887144,10008.133849,464,,,,,
32a7badf3999,406,2026-04-03 09:35:00,True,66859.1,,,16,True,True,,synthetic_mid,0.035059695047252204,0.08514483988713935,0.050085144839887144,10008.168909,466,,,,,
32a7badf3999,407,2026-04-03 09:40:00,True,66927.22,,,16,True,True,,synthetic_mid,0.03505969504724202,0.08514483988712915,0.05008514483988713,10008.203969,468,,,,,
32a7badf3999,408,2026-04-03 09:45:00,True,66867.72,,,16,True,True,,synthetic_mid,0.03505969504725123,0.08514483988713838,0.050085144839887144,10008.239028,470,,,,,
32a7badf3999,409,2026-04-03 09:50:00,True,66841.38,,,16,True,True,,synthetic_mid,0.0350596950472489,0.08514483988713605,0.050085144839887144,10008.274088,472,,,,,
32a7badf3999,410,2026-04-03 09:55:00,True,66878.05,,,16,True,True,,synthetic_mid,0.035059695047246216,0.08514483988713335,0.05008514483988714,10008.309148,474,,,,,
32a7badf3999,411,2026-04-03 10:00:00,True,66803.59,,,16,True,True,,synthetic_mid,0.03505969504724838,0.08514483988713552,0.05008514483988714,10008.344207,476,,,,,
32a7badf3999,412,2026-04-03 10:05:00,True,66817.41,,,16,True,True,,synthetic_mid,0.0350596950472436,0.08514483988713073,0.05008514483988713,10008.379267,478,,,,,
32a7badf3999,413,2026-04-03 10:10:00,True,66817.41,,,16,True,True,,synthetic_mid,0.0350596950472436,0.08514483988713073,0.05008514483988713,10008.414327,480,,,,,
32a7badf3999,414,2026-04-03 10:15:00,True,66818.81,,,16,True,True,,synthetic_mid,0.03505969504724762,0.08514483988713475,0.05008514483988714,10008.449387,482,,,,,
32a7badf3999,415,2026-04-03 10:20:00,False,66806.73999999999,cycle_end,filters_failed,16,False,,,,,,,10008.449387,482,,,,,
32a7badf3999,416,2026-04-03 10:25:00,False,66789.08,,,16,False,,,,,,,10008.449387,482,,,,,
32a7badf3999,417,2026-04-03 10:30:00,False,66768.08,,,16,False,,,,,,,10008.449387,482,,,,,
32a7badf3999,418,2026-04-03 10:35:00,True,66768.08,cycle_start,,17,True,True,,synthetic_mid,0.03505969504724424,0.08514483988713137,0.05008514483988713,10008.484446,484,22.0,50.0,0.0003369874,agent_heuristic,[]
32a7badf3999,419,2026-04-03 10:40:00,True,66768.08,,,17,True,True,,synthetic_mid,0.03505969504724424,0.08514483988713137,0.05008514483988713,10008.519506,486,,,,,
32a7badf3999,420,2026-04-03 10:45:00,False,66768.08,cycle_end,filters_failed,17,False,,,,,,,10008.519506,486,,,,,
32a7badf3999,421,2026-04-03 10:50:00,True,66890.44,cycle_start,,18,True,True,,synthetic_mid,0.035059695047251774,0.08514483988713892,0.050085144839887144,10008.554566,488,22.0,50.0,0.0003363709,agent_heuristic,[]
32a7badf3999,422,2026-04-03 10:55:00,True,66916.86,,,18,True,True,,synthetic_mid,0.035059695047245,0.08514483988713213,0.05008514483988713,10008.589625,490,,,,,
32a7badf3999,423,2026-04-03 11:00:00,True,66916.86,,,18,True,True,,synthetic_mid,0.035059695047245,0.08514483988713213,0.05008514483988713,10008.624685,492,,,,,
32a7badf3999,424,2026-04-03 11:05:00,True,66845.63,,,18,True,True,,synthetic_mid,0.03505969504724432,0.08514483988713145,0.05008514483988713,10008.659745,494,,,,,
32a7badf3999,425,2026-04-03 11:10:00,True,66845.63,,,18,True,True,,synthetic_mid,0.03505969504724432,0.08514483988713145,0.05008514483988713,10008.694804,496,,,,,
32a7badf3999,426,2026-04-03 11:15:00,False,66845.63,cycle_end,filters_failed,18,False,,,,,,,10008.694804,496,,,,,
32a7badf3999,427,2026-04-03 11:20:00,False,66845.63,,,18,False,,,,,,,10008.694804,496,,,,,
32a7badf3999,428,2026-04-03 11:25:00,True,66976.52,cycle_start,,19,True,True,,synthetic_mid,0.03505969504724481,0.08514483988713194,0.05008514483988713,10008.729864,498,22.0,50.0,0.0003359386,agent_heuristic,[]
32a7badf3999,429,2026-04-03 11:30:00,True,66946.81,,,19,True,True,,synthetic_mid,0.03505969504725031,0.08514483988713745,0.05008514483988714,10008.764924,500,,,,,
32a7badf3999,430,2026-04-03 11:35:00,True,66998.37,,,19,True,True,,synthetic_mid,0.035059695047246354,0.08514483988713349,0.05008514483988714,10008.799983,502,,,,,
32a7badf3999,431,2026-04-03 11:40:00,True,67000.0,,,19,True,True,,synthetic_mid,0.035059695047245966,0.0851448398871331,0.05008514483988714,10008.835043,504,,,,,
32a7badf3999,432,2026-04-03 11:45:00,True,66997.03,,,19,True,True,,synthetic_mid,0.03505969504724095,0.08514483988712808,0.05008514483988713,10008.870103,506,,,,,
32a7badf3999,433,2026-04-03 11:50:00,True,67045.03,,,19,True,True,,synthetic_mid,0.03505969504725012,0.08514483988713727,0.050085144839887144,10008.905163,508,,,,,
32a7badf3999,434,2026-04-03 11:55:00,True,67045.03,,,19,True,True,,synthetic_mid,0.03505969504725012,0.08514483988713727,0.050085144839887144,10008.940222,510,,,,,
32a7badf3999,435,2026-04-03 12:00:00,True,67005.89,,,19,True,True,,synthetic_mid,0.035059695047245334,0.08514483988713246,0.05008514483988713,10008.975282,512,,,,,
32a7badf3999,436,2026-04-03 12:05:00,True,67039.87,,,19,True,True,,synthetic_mid,0.03505969504724934,0.08514483988713648,0.05008514483988714,10009.010342,514,,,,,
32a7badf3999,437,2026-04-03 12:10:00,True,66999.41,,,19,True,True,,synthetic_mid,0.03505969504724776,0.0851448398871349,0.05008514483988713,10009.045401,516,,,,,
32a7badf3999,438,2026-04-03 12:15:00,True,66962.45,,,19,True,True,,synthetic_mid,0.035059695047245334,0.08514483988713246,0.05008514483988713,10009.080461,518,,,,,
32a7badf3999,439,2026-04-03 12:20:00,True,66942.58,,,19,True,True,,synthetic_mid,0.035059695047241685,0.08514483988712881,0.05008514483988713,10009.115521,520,,,,,
32a7badf3999,440,2026-04-03 12:25:00,True,66942.58,,,19,True,True,,synthetic_mid,0.035059695047241685,0.08514483988712881,0.05008514483988713,10009.15058,522,,,,,
32a7badf3999,441,2026-04-03 12:30:00,True,66926.09,,,19,True,True,,synthetic_mid,0.035059695047245404,0.08514483988713253,0.05008514483988713,10009.18564,524,,,,,
32a7badf3999,442,2026-04-03 12:35:00,True,66841.85,,,19,True,True,,synthetic_mid,0.03505969504724986,0.085144839887137,0.050085144839887144,10009.2207,526,,,,,
32a7badf3999,443,2026-04-03 12:40:00,True,66868.43,,,19,True,True,,synthetic_mid,0.03505969504724666,0.0851448398871338,0.05008514483988714,10009.255759,528,,,,,
32a7badf3999,444,2026-04-03 12:45:00,True,66810.97,,,19,True,True,,synthetic_mid,0.035059695047241476,0.0851448398871286,0.05008514483988713,10009.290819,530,,,,,
32a7badf3999,445,2026-04-03 12:50:00,True,66783.57,,,19,True,True,,synthetic_mid,0.03505969504724544,0.08514483988713258,0.05008514483988714,10009.325879,532,,,,,
32a7badf3999,446,2026-04-03 12:55:00,True,66778.65,,,19,True,True,,synthetic_mid,0.035059695047244585,0.08514483988713172,0.05008514483988713,10009.360939,534,,,,,
32a7badf3999,447,2026-04-03 13:00:00,True,66708.95999999999,,,19,True,True,,synthetic_mid,0.03505969504724834,0.08514483988713548,0.05008514483988714,10009.395998,536,,,,,
32a7badf3999,448,2026-04-03 13:05:00,True,66636.92,,,19,True,True,,synthetic_mid,0.0350596950472473,0.08514483988713444,0.05008514483988714,10009.431058,538,,,,,
32a7badf3999,449,2026-04-03 13:10:00,True,66668.67,,,19,True,True,,synthetic_mid,0.035059695047249206,0.08514483988713635,0.050085144839887144,10009.466118,540,,,,,
32a7badf3999,450,2026-04-03 13:15:00,True,66697.7,,,19,True,True,,synthetic_mid,0.03505969504724486,0.08514483988713199,0.05008514483988713,10009.501177,542,,,,,
32a7badf3999,451,2026-04-03 13:20:00,True,66728.32999999999,,,19,True,True,,synthetic_mid,0.035059695047254466,0.08514483988714161,0.050085144839887144,10009.536237,544,,,,,
32a7badf3999,452,2026-04-03 13:25:00,True,66684.45999999999,,,19,True,True,,synthetic_mid,0.035059695047248936,0.08514483988713607,0.05008514483988714,10009.571297,546,,,,,
32a7badf3999,453,2026-04-03 13:30:00,True,66612.29000000001,,,19,True,True,,synthetic_mid,0.0350596950472518,0.08514483988713895,0.050085144839887144,10009.606356,548,,,,,
32a7badf3999,454,2026-04-03 13:35:00,True,66638.42,,,19,True,True,,synthetic_mid,0.035059695047245376,0.0851448398871325,0.05008514483988713,10009.641416,550,,,,,
32a7badf3999,455,2026-04-03 13:40:00,True,66615.52,,,19,True,True,,synthetic_mid,0.03505969504724353,0.08514483988713066,0.05008514483988713,10009.676476,552,,,,,
32a7badf3999,456,2026-04-03 13:45:00,True,66545.42,,,19,True,True,,synthetic_mid,0.03505969504724493,0.08514483988713206,0.05008514483988713,10009.711536,554,,,,,
32a7badf3999,457,2026-04-03 13:50:00,True,66704.9,,,19,True,True,,synthetic_mid,0.035059695047253064,0.08514483988714021,0.050085144839887144,10009.746595,556,,,,,
32a7badf3999,458,2026-04-03 13:55:00,True,66702.53,,,19,True,True,,synthetic_mid,0.03505969504724507,0.0851448398871322,0.05008514483988713,10009.781655,558,,,,,
32a7badf3999,459,2026-04-03 14:00:00,True,66785.75,,,19,True,True,,synthetic_mid,0.0350596950472478,0.08514483988713493,0.05008514483988714,10009.816715,560,,,,,
32a7badf3999,460,2026-04-03 14:05:00,True,66764.63,,,19,True,True,,synthetic_mid,0.03505969504725031,0.08514483988713745,0.05008514483988714,10009.851774,562,,,,,
32a7badf3999,461,2026-04-03 14:10:00,True,66771.63,,,19,True,True,,synthetic_mid,0.035059695047243114,0.08514483988713024,0.05008514483988713,10009.886834,564,,,,,
32a7badf3999,462,2026-04-03 14:15:00,True,66769.03,,,19,True,True,,synthetic_mid,0.03505969504725047,0.08514483988713761,0.050085144839887144,10009.921894,566,,,,,
32a7badf3999,463,2026-04-03 14:20:00,True,66846.69,,,19,True,True,,synthetic_mid,0.03505969504724895,0.08514483988713609,0.05008514483988714,10009.956953,568,,,,,
32a7badf3999,464,2026-04-03 14:25:00,True,66924.42000000001,,,19,True,True,,synthetic_mid,0.03505969504725576,0.0851448398871429,0.050085144839887144,10009.992013,570,,,,,
32a7badf3999,465,2026-04-03 14:30:00,True,66907.69,,,19,True,True,,synthetic_mid,0.03505969504724868,0.08514483988713582,0.050085144839887144,10010.027073,572,,,,,
32a7badf3999,466,2026-04-03 14:35:00,True,66909.06,,,19,True,True,,synthetic_mid,0.03505969504725067,0.08514483988713781,0.05008514483988714,10010.062132,574,,,,,
32a7badf3999,467,2026-04-03 14:40:00,True,66863.26999999999,,,19,True,True,,synthetic_mid,0.035059695047240436,0.08514483988712757,0.05008514483988713,10010.097192,576,,,,,
32a7badf3999,468,2026-04-03 14:45:00,True,66908.63,,,19,True,True,,synthetic_mid,0.035059695047250594,0.08514483988713774,0.050085144839887144,10010.132252,578,,,,,
32a7badf3999,469,2026-04-03 14:50:00,True,66994.12,,,19,True,True,,synthetic_mid,0.03505969504724546,0.08514483988713259,0.05008514483988713,10010.167312,580,,,,,
32a7badf3999,470,2026-04-03 14:55:00,True,66985.32999999999,,,19,True,True,,synthetic_mid,0.035059695047244,0.08514483988713113,0.05008514483988713,10010.202371,582,,,,,
32a7badf3999,471,2026-04-03 15:00:00,True,66985.32999999999,,,19,True,True,,synthetic_mid,0.035059695047244,0.08514483988713113,0.05008514483988713,10010.237431,584,,,,,
32a7badf3999,472,2026-04-03 15:05:00,True,66985.32999999999,,,19,True,True,,synthetic_mid,0.035059695047244,0.08514483988713113,0.05008514483988713,10010.272491,586,,,,,
32a7badf3999,473,2026-04-03 15:10:00,True,66963.09,,,19,True,True,,synthetic_mid,0.03505969504723783,0.08514483988712496,0.05008514483988713,10010.30755,588,,,,,
32a7badf3999,474,2026-04-03 15:15:00,True,66944.32,,,19,True,True,,synthetic_mid,0.03505969504725055,0.0851448398871377,0.050085144839887144,10010.34261,590,,,,,
32a7badf3999,475,2026-04-03 15:20:00,True,66951.95,,,19,True,True,,synthetic_mid,0.03505969504724792,0.08514483988713506,0.05008514483988714,10010.37767,592,,,,,
32a7badf3999,476,2026-04-03 15:25:00,False,66951.45999999999,cycle_end,filters_failed,19,False,,,,,,,10010.37767,592,,,,,
32a7badf3999,477,2026-04-03 15:30:00,False,66951.45999999999,,,19,False,,,,,,,10010.37767,592,,,,,
32a7badf3999,478,2026-04-03 15:35:00,False,66951.45999999999,,,19,False,,,,,,,10010.37767,592,,,,,
32a7badf3999,479,2026-04-03 15:40:00,False,66896.39,,,19,False,,,,,,,10010.37767,592,,,,,
32a7badf3999,480,2026-04-03 15:45:00,False,66896.39,,,19,False,,,,,,,10010.37767,592,,,,,
32a7badf3999,481,2026-04-03 15:50:00,False,66885.03,,,19,False,,,,,,,10010.37767,592,,,,,
32a7badf3999,482,2026-04-03 15:55:00,False,66890.69,,,19,False,,,,,,,10010.37767,592,,,,,
32a7badf3999,483,2026-04-03 16:00:00,False,66873.16,,,19,False,,,,,,,10010.37767,592,,,,,
32a7badf3999,484,2026-04-03 16:05:00,False,66869.19,,,19,False,,,,,,,10010.37767,592,,,,,
32a7badf3999,485,2026-04-03 16:10:00,False,66869.19,,,19,False,,,,,,,10010.37767,592,,,,,
32a7badf3999,486,2026-04-03 16:15:00,False,66908.94,,,19,False,,,,,,,10010.37767,592,,,,,
32a7badf3999,487,2026-04-03 16:20:00,False,66909.0,,,19,False,,,,,,,10010.37767,592,,,,,
32a7badf3999,488,2026-04-03 16:25:00,False,66969.03,,,19,False,,,,,,,10010.37767,592,,,,,
32a7badf3999,489,2026-04-03 16:30:00,True,67006.66,cycle_start,,20,True,True,,synthetic_mid,0.03505969504723937,0.0851448398871265,0.05008514483988713,10010.412729,594,22.0,50.0,0.0003357875,agent_heuristic,[]
32a7badf3999,490,2026-04-03 16:35:00,True,67006.66,,,20,True,True,,synthetic_mid,0.03505969504723937,0.0851448398871265,0.05008514483988713,10010.447789,596,,,,,
32a7badf3999,491,2026-04-03 16:40:00,False,67006.66,cycle_end,filters_failed,20,False,,,,,,,10010.447789,596,,,,,
32a7badf3999,492,2026-04-03 16:45:00,False,66970.70000000001,,,20,False,,,,,,,10010.447789,596,,,,,
32a7badf3999,493,2026-04-03 16:50:00,False,66970.70000000001,,,20,False,,,,,,,10010.447789,596,,,,,
32a7badf3999,494,2026-04-03 16:55:00,False,67035.57,,,20,False,,,,,,,10010.447789,596,,,,,
32a7badf3999,495,2026-04-03 17:00:00,False,66988.73,,,20,False,,,,,,,10010.447789,596,,,,,
32a7badf3999,496,2026-04-03 17:05:00,False,66988.73,,,20,False,,,,,,,10010.447789,596,,,,,
32a7badf3999,497,2026-04-03 17:10:00,False,66988.73,,,20,False,,,,,,,10010.447789,596,,,,,
32a7badf3999,498,2026-04-03 17:15:00,True,66814.48999999999,cycle_start,,21,True,True,,synthetic_mid,0.035059695047249255,0.08514483988713639,0.05008514483988714,10010.482849,598,22.0,50.0,0.0003367533,agent_heuristic,[]
32a7badf3999,499,2026-04-03 17:20:00,True,66897.5,,,21,True,True,,synthetic_mid,0.03505969504724321,0.08514483988713034,0.05008514483988713,10010.517909,600,,,,,
